Category,Sample Size,Average Read Count,Median Read Count
Delta Smelt,13,1060224,851362
Eulachon,13,1175230.8461538462,1137746
Larval Smelt,122,1469186.475409836,1403189.5
Longfin Smelt,10,NA,NA
Night Smelt,6,1249208.3333333333,1380406.5
Nooksack,19,832372.1578947369,799818
Surf Smelt,9,2415422.888888889,2140907
Wakasagi,12,1681707.3333333333,1649447.5
Whitebait Smelt,9,941328.3333333334,1064252
